<?xml version="1.0" encoding="UTF-8"?>
<ApexPage xmlns="http://soap.sforce.com/2006/04/metadata">
    <apiVersion>29.0</apiVersion>
    <availableInTouch>true</availableInTouch>
    <confirmationTokenRequired>false</confirmationTokenRequired>
    <description>Redirects the &quot;New&quot; account button to to the create screen for &quot;New Account Basic Information Only&quot; or, depending on User profile, &quot;North America Account&quot;</description>
    <label>VF_Redirect_New_Account_Button</label>
</ApexPage>
